sample_id,sig0,dsig,mf_CH4,P,T,baseline1,baseline2
val_0001,3085.4412,0.001532,8.10e-06,510.2,308.7,-0.00034,-3.52e-08
val_0002,3085.4521,0.001528,1.24e-05,498.5,306.1,-0.00033,-3.76e-08
val_0003,3085.4387,0.001535,5.75e-06,522.8,309.9,-0.00035,-3.41e-08
